{"version":"1.0.3","http":{"http":true,"https":true,"ui":true,"login":false},"mqtt":{"enable":false,"url":"mqtt://broker.hivemq.com:1883"},"websocket":{"enable":false},"dns":{"type":"default","url":"udp://8.8.8.8:53","captive":false},"sntp":{"enable":false,"type":0,"url":"udp://time.google.com:123","interval":3600},"modbus":{"enable":false,"port":502},"wifi":{"ap":false,"sta":false,"ap_name":"MyApNet","ap_pass":"","sta_name":"MyNetwork","sta_pass":"MyPassword"},"build":{"mode":"new","board":"arduino-esp32","ide":"Arduino","rtos":"baremetal"},"api":{"state":{"type":"data","readonly":false,"attributes":{"speed":{"type":"int","value":0},"maximumSpeed":{"type":"int","value":100},"rpm":{"type":"int","value":0},"maximumRPM":{"type":"int","value":5000},"gear":{"type":"string","value":"P","size":3},"fuel":{"type":"int","value":0},"backlight":{"type":"int","value":0,"size":0},"coolant_temp":{"type":"int","value":0},"maximumCoolantTemp":{"type":"int","value":150},"minimumCoolantTemp":{"type":"int","value":10},"outdoor_temp":{"type":"int","value":0},"high_beam":{"type":"bool","value":false},"main_lights":{"type":"bool","value":false},"left_indicator":{"type":"bool","value":false},"right_indicator":{"type":"bool","value":false},"fog_front":{"type":"bool","value":false},"fog_rear":{"type":"bool","value":false},"door_open":{"type":"bool","value":false},"dsc":{"type":"bool","value":false},"abs":{"type":"bool","value":false},"handbrake":{"type":"bool","value":false},"ignition":{"type":"bool","value":true},"indicators_blink":{"type":"bool","value":false},"drive_mode":{"type":"string","value":"Comfort","size":10}},"write_level":0,"value":{"speed":0,"maximumSpeed":100,"rpm":0,"maximumRPM":5000,"gear":"P","fuel":0,"backlight":0,"coolant_temp":0,"maximumCoolantTemp":150,"minimumCoolantTemp":10,"outdoor_temp":0,"high_beam":false,"main_lights":false,"left_indicator":false,"right_indicator":false,"fog_front":false,"fog_rear":false,"door_open":false,"dsc":false,"abs":false,"handbrake":false,"ignition":true,"indicators_blink":false,"drive_mode":"Comfort"}},"steering_button_pressed":{"type":"action","read_level":0,"write_level":0},"login":{"type":"data","read_level":0,"write_level":0,"attributes":{"password":{"type":"string","value":"","size":1},"username":{"type":"string","value":"","size":1}},"readonly":false,"value":{"password":"","username":""}},"local":{"type":"local","attributes":{"lastsync":{"type":"string","value":"","size":50},"online":{"type":"bool","value":true}},"value":{"lastsync":"","online":true}}},"ui":{"production":false,"brand":"My Brand","logo":"<?xml version=\"1.0\" encoding=\"utf-8\"?>\n<svg viewBox=\"0 0 600 150\" xmlns=\"http://www.w3.org/2000/svg\">\n  <rect x=\"0\" y=\"0\" width=\"600\" height=\"150\" rx=\"20\" ry=\"20\" style=\"stroke: none; fill: #e1e5e9;\"/>\n  <text style=\"fill: #94A3B8; font-family: Arial, sans-serif; font-size: 92px;dominant-baseline: middle; text-anchor: middle; \" x=\"50%\" y=\"50%\">my logo</text>\n</svg>","toolbar":{"css":"flex-grow: 1;","layout":[{"classes":"container","css":"flex-grow: 1;\njustify-content: center;","layout":[{"classes":"container","css":"","layout":[{"format":"CarCluster ","css":"font-size: 2rem;"}]},{"classes":"container","css":"margin-left: auto;\nalign-items: center;","layout":[]}]}]},"heartbeat":2,"autologout":0,"theme":{},"classes":"","pages":[{"title":"Cluster","icon":"desktop","level":0,"css":"padding: 0.75rem;\ngap: 0.5rem;\nmin-height: 2rem;\ndisplay: flex;\nflex-direction: column;\nflex-grow: 1;\noverflow: auto;","layout":[{"classes":"container","css":"flex-direction: column;\ngap: 0.5rem;\nflex-wrap: wrap;","layout":[{"classes":"container","css":"flex-grow: 1;\nflex-wrap: wrap;\ngap: 0.5rem;","layout":[{"classes":"panel","css":"flex-grow: 1;\nflex-basis: 0 0 auto;","layout":[{"classes":"container","css":"gap: 0.5rem;","layout":[{"css":"white-space: nowrap;\ntext-overflow: ellipsis;\nfont-weight: 700;","format":"Speed\n"}]},{"type":"slider","ref":"state.speed","autosave":true,"max":"${state.maximumSpeed}","step":"1","min":"0"}]},{"classes":"panel","css":"flex-grow: 1;\nflex-basis: 0 0 auto;","layout":[{"classes":"container","css":"gap: 0.5rem;","layout":[{"css":"white-space: nowrap;\ntext-overflow: ellipsis;\nfont-weight: 700;","format":"RPM\n\n"}]},{"type":"slider","ref":"state.rpm","autosave":true,"max":"${state.maximumRPM}","step":"100","min":"0"}]},{"classes":"panel","css":"flex-grow: 1;\nflex-basis: 0 0 auto;","layout":[{"classes":"container","css":"gap: 0.5rem;","layout":[{"css":"white-space: nowrap;\ntext-overflow: ellipsis;\nfont-weight: 700;","format":"Selected gear"}]},{"type":"dropdown","ref":"state.gear","options":"P,R,N,D,S,1,2,3,4,5,6,7,8,9,10","autosave":true}]}]},{"classes":"container","css":"flex-grow: 1;\nflex-wrap: wrap;\ngap: 0.5rem;","layout":[{"classes":"panel","css":"flex-grow: 1;\nflex-basis: 0 0 auto;","layout":[{"classes":"container","css":"gap: 0.5rem;","layout":[{"css":"white-space: nowrap;\ntext-overflow: ellipsis;\nfont-weight: 700;","format":"Fuel quantity"}]},{"type":"slider","ref":"state.fuel","autosave":true,"max":"100","step":"1","min":"0"}]},{"classes":"panel","css":"flex-grow: 1;\nflex-basis: 0 0 auto;","layout":[{"classes":"container","css":"gap: 0.5rem;","layout":[{"css":"white-space: nowrap;\ntext-overflow: ellipsis;\nfont-weight: 700;","format":"Backlight brightnes"}]},{"type":"slider","ref":"state.backlight","autosave":true,"max":"100","step":"1","min":"0"}]},{"classes":"panel","css":"flex-grow: 1;\nflex-basis: 0 0 auto;","layout":[{"classes":"container","css":"gap: 0.5rem;","layout":[{"css":"height: 1.09375rem;\nwhite-space: nowrap;\ntext-overflow: ellipsis;\nfont-weight: 700;","format":"Coolant temperature"}]},{"type":"slider","ref":"state.coolant_temp","autosave":true,"max":"${state.maximumCoolantTemp}","step":"10","min":"${state.minimumCoolantTemp}"}]},{"classes":"panel","css":"flex-grow: 1;\nflex-basis: 0 0 auto;","layout":[{"classes":"container","css":"gap: 0.5rem;","layout":[{"css":"height: 1.09375rem;\nwhite-space: nowrap;\ntext-overflow: ellipsis;\nfont-weight: 700;","format":"Outdoor temperature"}]},{"type":"slider","ref":"state.outdoor_temp","autosave":true,"max":"40","step":"1","min":"-30"}]}]},{"classes":"container","css":"flex-wrap: wrap;\ngap: 0.5rem;","layout":[{"classes":"panel","css":"flex-grow: 1;\nflex-basis: 0 0 auto;","layout":[{"classes":"container","css":"gap: 0.5rem;","layout":[{"css":"flex: 0 0 auto;\nheight: 1.09375rem;\nwidth: 2.7510414123535156rem;\nwhite-space: nowrap;\ntext-overflow: ellipsis;\nfont-weight: 700;","format":"Exterior lights"}]},{"classes":"container","css":"justify-content: space-between;\ngap: 0.5rem;\nflex-wrap: wrap;","layout":[{"format":"High beam"},{"type":"toggle","ref":"state.high_beam","autosave":true}]},{"classes":"container","css":"justify-content: space-between;\ngap: 0.5rem;\nflex-wrap: wrap;","layout":[{"format":"Main lights"},{"type":"toggle","ref":"state.main_lights","autosave":true}]},{"classes":"container","css":"justify-content: space-between;\ngap: 0.5rem;\nflex-wrap: wrap;","layout":[{"format":"Left indicator"},{"type":"toggle","ref":"state.left_indicator","autosave":true}]},{"classes":"container","css":"justify-content: space-between;\ngap: 0.5rem;\nflex-wrap: wrap;","layout":[{"format":"Right indicator"},{"type":"toggle","ref":"state.right_indicator","autosave":true}]},{"classes":"container","css":"justify-content: space-between;\ngap: 0.5rem;\nflex-wrap: wrap;","layout":[{"format":"Front fog lights"},{"type":"toggle","ref":"state.fog_front","autosave":true}]},{"classes":"container","css":"justify-content: space-between;\ngap: 0.5rem;\nflex-wrap: wrap;","layout":[{"format":"Rear fog lights"},{"type":"toggle","ref":"state.fog_rear","autosave":true}]}]},{"classes":"panel","css":"flex-grow: 1;\nflex-basis: 0 0 auto;","layout":[{"classes":"container","css":"gap: 0.5rem;","layout":[{"css":"white-space: nowrap;\ntext-overflow: ellipsis;\nfont-weight: 700;","format":"Indicators"}]},{"classes":"container","css":"justify-content: space-between;\ngap: 0.5rem;\nflex-wrap: wrap;","layout":[{"format":"Door open"},{"type":"toggle","ref":"state.door_open","autosave":true}]},{"classes":"container","css":"justify-content: space-between;\ngap: 0.5rem;\nflex-wrap: wrap;","layout":[{"format":"DSC"},{"type":"toggle","ref":"state.dsc","autosave":true}]},{"classes":"container","css":"justify-content: space-between;\ngap: 0.5rem;\nflex-wrap: wrap;","layout":[{"format":"ABS"},{"type":"toggle","ref":"state.abs","autosave":true}]},{"classes":"container","css":"justify-content: space-between;\ngap: 0.5rem;\nflex-wrap: wrap;","layout":[{"format":"Handbrake"},{"type":"toggle","ref":"state.handbrake","autosave":true}]}]},{"classes":"panel","css":"flex-grow: 1;\nflex-basis: 0 0 auto;","layout":[{"classes":"container","css":"gap: 0.5rem;","layout":[{"css":"height: 1.09375rem;\nwhite-space: nowrap;\ntext-overflow: ellipsis;\nfont-weight: 700;","format":"Others"}]},{"classes":"container","css":"justify-content: space-between;\ngap: 0.5rem;\nflex-wrap: wrap;","layout":[{"format":"Ignition"},{"type":"toggle","ref":"state.ignition","autosave":true}]},{"classes":"container","css":"justify-content: space-between;\ngap: 0.5rem;\nflex-wrap: wrap;","layout":[{"format":"[VW] Indicators blink"},{"type":"toggle","ref":"state.indicators_blink","autosave":true}]},{"classes":"container","css":"justify-content: space-between;\ngap: 0.5rem;\nflex-wrap: wrap;","layout":[{"format":"[BMW F] Drive mode"},{"type":"dropdown","ref":"state.drive_mode","options":"Traction,Comfort,Sport,Sport+,DSC off,Eco pro","autosave":true}]}]}]},{"classes":"container","css":"flex-wrap: wrap;\ngap: 0.5rem;","layout":[{"classes":"panel","css":"flex-grow: 1;\nflex-basis: 0 0 auto;","layout":[{"classes":"container","css":"gap: 0.5rem;","layout":[{"css":"height: 1.09375rem;\nwhite-space: nowrap;\ntext-overflow: ellipsis;\nfont-weight: 700;","format":"Actions"}]},{"classes":"container","css":"align-items: center;\njustify-content: center;\ngap: 0.5rem;\nflex-wrap: wrap;","layout":[{"type":"action","title":"Steering button 1","icon":"","ref":"steering_button_pressed","params":"1"}]},{"classes":"container","css":"align-items: center;\njustify-content: center;\ngap: 0.5rem;\nflex-wrap: wrap;","layout":[{"type":"action","title":"Steering button 2","icon":"","ref":"steering_button_pressed","params":"2"}]},{"classes":"container","css":"align-items: center;\njustify-content: center;\ngap: 0.5rem;\nflex-wrap: wrap;","layout":[{"type":"action","title":"Steering button 3","icon":"","ref":"steering_button_pressed","params":"3"}]}]},{"classes":"panel","css":"flex-grow: 1;\nflex-basis: 0 0 auto;","layout":[{"classes":"container","css":"gap: 0.5rem;","layout":[{"css":"height: 1.09375rem;\nwhite-space: nowrap;\ntext-overflow: ellipsis;\nfont-weight: 700;","format":"Info"}]},{"format":"Not all functions are available on all clusters!"}]}]}]}]},{"title":"Info","icon":"info","css":"padding: 0.75rem;\ngap: 0.5rem;\nmin-height: 2rem;\ndisplay: flex;\nflex-direction: column;\nflex-grow: 1;\noverflow: auto;","layout":[{"classes":"panel","css":"flex-basis: 0 0 auto;","layout":[{"classes":"container","css":"gap: 0.5rem;","layout":[{"css":"white-space: nowrap;\ntext-overflow: ellipsis;\nfont-weight: 700;","format":"Information"}]},{"format":"CarCluster by r00li.\n<br />\n<br />\nGithub: <a>https://github.com/r00li/CarCluster</a>\n<br />\n<br />\nWeb UI built using Mongoose: <a>https://mongoose.ws</a>\n"}]}]}],"login":{"title":"login","icon":"user","level":0,"css":"padding: 0.75rem; gap: 0.5rem; min-height: 2rem; display: flex; flex-direction: column; flex-grow: 1; overflow: auto;","layout":[{"classes":"container","css":"flex-grow: 1; justify-content: center;","layout":[{"classes":"container","css":"padding-left: 6.25rem; padding-top: 4.5rem; color: #ffffff; background: #2563EB; flex-direction: column; gap: 0.5rem; flex-grow: 1; flex-wrap: wrap;","layout":[{"classes":"container","css":"align-items: start; gap: 0.5rem; flex-grow: 1;","layout":[{"type":"image","image":"<?xml version=\"1.0\" encoding=\"utf-8\"?>\n<svg viewBox=\"0 0 600 150\" xmlns=\"http://www.w3.org/2000/svg\">\n  <rect x=\"0\" y=\"0\" width=\"600\" height=\"150\" rx=\"20\" ry=\"20\" style=\"stroke: none; fill: #e1e5e9;\"/>\n  <text style=\"fill: #94A3B8; font-family: Arial, sans-serif; font-size: 92px;dominant-baseline: middle; text-anchor: middle; \" x=\"50%\" y=\"50%\">my logo</text>\n</svg>","css":"flex: 0 0 auto; width: 8.5rem; height: 4rem; flex-grow: 1;"}]},{"classes":"container","css":"gap: 0.5rem; flex-wrap: wrap;flex-grow: 1;","layout":[{"classes":"container","css":"flex: 0 0 auto; width: 14rem; align-items: start; flex-direction: column; gap: 0.5rem; flex-wrap: wrap;","layout":[{"format":"Welcome!","css":"font-weight: 800; font-size: 4rem;"},{"format":"Here is a space where you might want to describe the essence of your service or any other information you consider important for users to read before logging in.","css":"flex: 0 0 auto; width: 25rem; font-weight: 400; font-size: 1.25rem;"}]}]}]},{"classes":"container","css":"background: #ffffff; flex-direction: column; justify-content: center; align-items: center; gap: 0.5rem; flex-grow: 1; flex-wrap: wrap;","layout":[{"classes":"container","css":"margin-top: 8rem; flex: 0 0 auto; width: 18rem; flex-direction: column; gap: 0.5rem; flex-wrap: wrap;","layout":[{"format":"Sign in","css":"font-size: 2rem; font-weight: 800; margin-bottom: 1rem; "},{"format":"Username","classes":"title"},{"type":"input","input":"text","ref":"login.username"},{"format":"Password","classes":"title"},{"type":"input","input":"password","ref":"login.password"},{"format":"Use admin/admin or user/user to login","css":"color: #aaa; font-size: 90%; "},{"type":"loginbutton","title":"Sign In","icon":"sign-in","ref":"login","css":"margin-top: 1rem;"}]}]}]}]},"basetheme":"default"}}